reqrate,prefixlen,relay,total_time,throughput,avg_latency,avg_per_token_latency,avg_per_output_token_latency,avg_time_to_fisrt_token
1.0,512.0,false,1073.5236542639323,0.9315118451541301,41.378601934828794,0.12827739943607247,0.5795197315522324,-2307666.449364624
0.5,512.0,false,2034.5491455351003,0.49150938535672145,15.407783106626011,0.034904226764549476,0.06994543077711185,-2309297.4286188963
1.0,1024.0,false,1606.0691145956516,0.6226382108417313,307.5935222473205,1.1934951478499238,7.69202399187898,-2310888.2211592807
0.5,1024.0,false,2038.4494054126553,0.490568957632561,21.369191837808582,0.05318810128268912,0.1343142834033007,-2313051.53153759
1.5,512.0,false,1054.6941837980412,0.9481421395526399,192.4456012655394,0.7310645242627156,4.60958201446,-2314656.2362579275
0.3,2048.0,false,3375.8212112919427,0.29622421846721414,25.011265605471095,0.06795759909367712,0.22041929177939779,-2317548.2498631706
0.5,2048.0,false,2744.4704053518362,0.3643690229087392,381.90113147566143,1.494064101355319,9.715693980862882,-2320313.789172307
