nreqs,prefixlen,backend,req_per_sec,process_tok_per_sec,generate_tok_per_sec
1000,512,vllm+,8.852894599817086,8516.714780283632,1906.886938116801
1000,512,vllm,5.030010593677342,4839.0009713930385,1083.4491918463184
1000,1024,vllm+,8.760696198685,12913.493974962856,1887.0276791081528
1000,1024,vllm,3.544627535342219,5224.87314741035,763.502137230108
1000,512,vllm+pc,6.293018132207328,6054.047061654887,1355.4972266230618
1000,1024,vllm+pc,4.823415709530011,7109.840164655684,1038.9492735856359
